question1,question2
What will Hilary Clinton do now that she has lost?,What will Hillary Clinton do now that she lost the White House?
Is anal sex dangerous or unhealthy?,Is anal sex is safe?
How do I lose weight?,How should I lose weight?
Where can I hire thoroughly trained pest control professionals in Randwick?,Where can I hire highly skilled pest control operators in Randwick?
"Now that Trump has been elected as president, how will it affect India?",How will Trump becoming President affect India?
Is it actually possible to travel through time?,Is time travel already possible on Earth?
Am I a psychic?,Am a I Seriously Psychic?
Will Kanye West become president in 2020?,If Trump becomes president do you see Kanye West dethroning him in 2020?
Why is denormalization important?,Why is denormalization necessary?
Who will win the 2016 presidential elections?,Who will win the 2016 U.S. presidential election and why?
Is it normal for 13 year olds to see their friends naked?,Is it normal for 13 year old Boys to see their friends naked?
How can I increase traffic to my website using social media?,How can I increase the traffic on my blog (www.midnightexpressions.wordpress.com)?
What are some good yoga techniques for weight loss?,What are the yoga asanas for weight loss?
What are the best indoor exercises to remove belly fat completely and lose weight in minimun time?,How can I lose belly fat without losing weight?
How can I make my parents feel proud?,How can I make my parents proud?
How can I stop comparing myself with others?,What can I do to stop hurting myself by comparing myself to others? I want to be at peace and be happy. What can I do?
How do I become a interesting?,How can someone be more interesting?
Can you get high by eating a few of the little THC crystals from a weed nugget?,Can you get high from eating weed? Why or why not?
What is the best way to talk English fluently?,How the way to speak english fluently?
What never fails to make you smile?,What is something that never fails to make you happy?
Which is the best anime of all time?,Which anime are a must watch?
In what ways can I grow taller?,What are the ways to gain height?
How can I learn everything about computers?,How can I learn faster about computer?
How does banning 500 & 1000 rupee notes solve black money problem?,How is discontinuing 500 and 1000 rupee note going to put a hold on black money in India?
How does music trigger emotions?,Why is music responsible for triggering emotions?
Was 9-11 an inside job?,What is the best evidence that 9/11 was an inside job?
What will Hilary Clinton do now that she has lost?,What will Hillary Clinton do now that she lost the White House?
Is anal sex dangerous or unhealthy?,Is anal sex is safe?
How do I lose weight?,How should I lose weight?
Where can I hire thoroughly trained pest control professionals in Randwick?,Where can I hire highly skilled pest control operators in Randwick?
"Now that Trump has been elected as president, how will it affect India?",How will Trump becoming President affect India?
Is it actually possible to travel through time?,Is time travel already possible on Earth?
Am I a psychic?,Am a I Seriously Psychic?
Will Kanye West become president in 2020?,If Trump becomes president do you see Kanye West dethroning him in 2020?
Why is denormalization important?,Why is denormalization necessary?
Who will win the 2016 presidential elections?,Who will win the 2016 U.S. presidential election and why?
Is it normal for 13 year olds to see their friends naked?,Is it normal for 13 year old Boys to see their friends naked?
How can I increase traffic to my website using social media?,How can I increase the traffic on my blog (www.midnightexpressions.wordpress.com)?
What are some good yoga techniques for weight loss?,What are the yoga asanas for weight loss?
What are the best indoor exercises to remove belly fat completely and lose weight in minimun time?,How can I lose belly fat without losing weight?
How can I make my parents feel proud?,How can I make my parents proud?
How can I stop comparing myself with others?,What can I do to stop hurting myself by comparing myself to others? I want to be at peace and be happy. What can I do?
How do I become a interesting?,How can someone be more interesting?
Can you get high by eating a few of the little THC crystals from a weed nugget?,Can you get high from eating weed? Why or why not?
What is the best way to talk English fluently?,How the way to speak english fluently?
What never fails to make you smile?,What is something that never fails to make you happy?
Which is the best anime of all time?,Which anime are a must watch?
In what ways can I grow taller?,What are the ways to gain height?
How can I learn everything about computers?,How can I learn faster about computer?
How does banning 500 & 1000 rupee notes solve black money problem?,How is discontinuing 500 and 1000 rupee note going to put a hold on black money in India?
How does music trigger emotions?,Why is music responsible for triggering emotions?
Was 9-11 an inside job?,What is the best evidence that 9/11 was an inside job?
What will Hilary Clinton do now that she has lost?,What will Hillary Clinton do now that she lost the White House?
Is anal sex dangerous or unhealthy?,Is anal sex is safe?
How do I lose weight?,How should I lose weight?
Where can I hire thoroughly trained pest control professionals in Randwick?,Where can I hire highly skilled pest control operators in Randwick?
"Now that Trump has been elected as president, how will it affect India?",How will Trump becoming President affect India?
Is it actually possible to travel through time?,Is time travel already possible on Earth?
Am I a psychic?,Am a I Seriously Psychic?
Will Kanye West become president in 2020?,If Trump becomes president do you see Kanye West dethroning him in 2020?
Why is denormalization important?,Why is denormalization necessary?
Who will win the 2016 presidential elections?,Who will win the 2016 U.S. presidential election and why?
Is it normal for 13 year olds to see their friends naked?,Is it normal for 13 year old Boys to see their friends naked?
How can I increase traffic to my website using social media?,How can I increase the traffic on my blog (www.midnightexpressions.wordpress.com)?
What are some good yoga techniques for weight loss?,What are the yoga asanas for weight loss?
What are the best indoor exercises to remove belly fat completely and lose weight in minimun time?,How can I lose belly fat without losing weight?
How can I make my parents feel proud?,How can I make my parents proud?
How can I stop comparing myself with others?,What can I do to stop hurting myself by comparing myself to others? I want to be at peace and be happy. What can I do?
How do I become a interesting?,How can someone be more interesting?
Can you get high by eating a few of the little THC crystals from a weed nugget?,Can you get high from eating weed? Why or why not?
What is the best way to talk English fluently?,How the way to speak english fluently?
What never fails to make you smile?,What is something that never fails to make you happy?
Which is the best anime of all time?,Which anime are a must watch?
In what ways can I grow taller?,What are the ways to gain height?
How can I learn everything about computers?,How can I learn faster about computer?
How does banning 500 & 1000 rupee notes solve black money problem?,How is discontinuing 500 and 1000 rupee note going to put a hold on black money in India?
How does music trigger emotions?,Why is music responsible for triggering emotions?
Was 9-11 an inside job?,What is the best evidence that 9/11 was an inside job?
What will Hilary Clinton do now that she has lost?,What will Hillary Clinton do now that she lost the White House?
Is anal sex dangerous or unhealthy?,Is anal sex is safe?
How do I lose weight?,How should I lose weight?
Where can I hire thoroughly trained pest control professionals in Randwick?,Where can I hire highly skilled pest control operators in Randwick?
"Now that Trump has been elected as president, how will it affect India?",How will Trump becoming President affect India?
Is it actually possible to travel through time?,Is time travel already possible on Earth?
Am I a psychic?,Am a I Seriously Psychic?
Will Kanye West become president in 2020?,If Trump becomes president do you see Kanye West dethroning him in 2020?
Why is denormalization important?,Why is denormalization necessary?
Who will win the 2016 presidential elections?,Who will win the 2016 U.S. presidential election and why?
Is it normal for 13 year olds to see their friends naked?,Is it normal for 13 year old Boys to see their friends naked?
How can I increase traffic to my website using social media?,How can I increase the traffic on my blog (www.midnightexpressions.wordpress.com)?
What are some good yoga techniques for weight loss?,What are the yoga asanas for weight loss?
What are the best indoor exercises to remove belly fat completely and lose weight in minimun time?,How can I lose belly fat without losing weight?
How can I make my parents feel proud?,How can I make my parents proud?
How can I stop comparing myself with others?,What can I do to stop hurting myself by comparing myself to others? I want to be at peace and be happy. What can I do?
How do I become a interesting?,How can someone be more interesting?
Can you get high by eating a few of the little THC crystals from a weed nugget?,Can you get high from eating weed? Why or why not?
What is the best way to talk English fluently?,How the way to speak english fluently?
What never fails to make you smile?,What is something that never fails to make you happy?
Which is the best anime of all time?,Which anime are a must watch?
In what ways can I grow taller?,What are the ways to gain height?
How can I learn everything about computers?,How can I learn faster about computer?
How does banning 500 & 1000 rupee notes solve black money problem?,How is discontinuing 500 and 1000 rupee note going to put a hold on black money in India?
How does music trigger emotions?,Why is music responsible for triggering emotions?
Was 9-11 an inside job?,What is the best evidence that 9/11 was an inside job?
